{"cameraMode":{"drawMode":0,"name":"Shaded","section":"Shading Mode"},"sceneLighting":true,"audioPlay":false,"sceneViewState":{"showFog":true,"showMaterialUpdate":false,"showSkybox":true,"showFlares":true,"showImageEffects":true,"showParticleSystems":true},"in2DMode":false,"pivot":{"x":-4.491127014160156,"y":2.175114393234253,"z":1.2192754745483399},"rotation":{"x":0.781650960445404,"y":0.00038158666575327516,"z":-0.0004614603822119534,"w":0.6237300634384155},"size":7.497060298919678,"orthographic":true}